Name,PrimaryTechnology,StatusDetail,x_Coordinate,y_Coordinate,Status,SizeCategory
North Clyde Recycling Centre (resubmission),Anaerobic Digestion,Awaiting Construction,250389,669199,In development,Large (1MW+)
Morayhill AD,Anaerobic Digestion,Operational,274982,849481,Operational,Large (1MW+)
Glenfiddich Distillery AD (Extension),Anaerobic Digestion,Awaiting Construction,332714,841065,In development,Large (1MW+)
Inchdairnie,Anaerobic Digestion,Operational,324885,699061,Operational,Large (1MW+)
Glenfiddich Distillery,Anaerobic Digestion,Operational,332714,841065,Operational,Large (1MW+)
Energen biogas cumbernauld,Anaerobic Digestion,Operational,277889,676918,Operational,Large (1MW+)
Binn Farm AD (extension),Anaerobic Digestion,Operational,317439,713725,Operational,Large (1MW+)
Glasgow Renewable Energy and Recycling Centre (Waste AD),Anaerobic Digestion,Operational,259509,662366,Operational,Large (1MW+)
Millerhill AD (Waste AD),Anaerobic Digestion,Operational,332400,670800,Operational,Large (1MW+)
Barkip Anaerobic Digestor (Waste AD),Anaerobic Digestion,Operational,229333,650530,Operational,Large (1MW+)
GlaxoSmithKline (Waste AD),Anaerobic Digestion,Operational,234362,636566,Operational,Large (1MW+)
West Roucan Farm,Anaerobic Digestion,Operational,302227,578926,Operational,Large (1MW+)
Pure Malt Products AD,Anaerobic Digestion,Operational,351977,674000,Operational,Large (1MW+)
Lochhead Landfill CHP,Anaerobic Digestion,Operational,308683,690319,Operational,Large (1MW+)
Deerdykes Composting and Organics Recycling Facility (Waste AD),Anaerobic Digestion,Operational,277924,676998,Operational,Large (1MW+)
Cumbernauld BioPlant  (Waste AD),Anaerobic Digestion,Operational,277924,676998,Operational,Large (1MW+)
Gleneagles Hotel Biomass Boiler Plant Room,Biomass,Application Submitted,291629,711481,In development,Large (1MW+)
Acharn Forest Killin Biomass Plant,Biomass,Operational,256236,731409,Operational,Large (1MW+)
Liberty Steel Dalzell,Biomass,Operational,275801,656790,Operational,Large (1MW+)
Markinch Biomass CHP Plant,Biomass,Operational,327988,701561,Operational,Large (1MW+)
Harbour Road,Biomass,Operational,230930,631425,Operational,Large (1MW+)
Rothes Bio-Plant,Biomass,Operational,327767,849116,Operational,Large (1MW+)
Sustainable Power and Research Campus,Biomass,Operational,345036,719505,Operational,Large (1MW+)
Speyside Biomass CHP Plant,Biomass,Operational,327641,845585,Operational,Large (1MW+)
Pulteney Distillery,Biomass,Operational,336714,950114,Operational,Large (1MW+)
Diageo Biomass Energy Project,Biomass,Operational,334567,700177,Operational,Large (1MW+)
Stevens Croft,Biomass,Operational,312100,585100,Operational,Large (1MW+)
Macphie of Glenbervie,Biomass,Operational,376500,780500,Operational,Large (1MW+)
Caledonian Papermill,Biomass,Operational,233710,634940,Operational,Large (1MW+)
Westfield Biomass Power Station,Biomass,Operational,319000,695100,Operational,Large (1MW+)
Invergordon Pellet Mill,Biomass,Operational,271390,870450,Operational,Large (1MW+)
Cowie Biomass Facility,Biomass,Operational,284085,688685,Operational,Large (1MW+)
Binn Farm,Energy From Waste,Awaiting Construction,316911,713003,In development,Large (1MW+)
Thainstone Energy Park Project ERF,Energy From Waste,Application Submitted,378061,818551,In development,Large (1MW+)
South Clyde Energy Centre,Energy From Waste,Awaiting Construction,252615,665698,In development,Large (1MW+)
Levenseat Waste Management Facility,Energy From Waste,Awaiting Construction,293881,657597,In development,Large (1MW+)
Killoch Depot,Energy From Waste,Awaiting Construction,248650,620732,In development,Large (1MW+)
Pond Green Energy Park,Energy From Waste,Awaiting Construction,296452,667203,In development,Large (1MW+)
Binn Eco Park,Energy From Waste,Awaiting Construction,317233,713295,In development,Large (1MW+)
Dunbar EfW (previously Oxwellmains EfW),Energy From Waste,Operational,371051,675563,Operational,Large (1MW+)
Glasgow Renewable Energy and Recycling Centre (ACT),Energy From Waste,Operational,259509,662366,Operational,Large (1MW+)
Baldovie Industrial Estate (Forties Road),Energy From Waste,Under Construction,344564,732870,In development,Large (1MW+)
Coatbridge Material Recovery and Renewable Energy Facility,Energy From Waste,Under Construction,274352,662620,In development,Large (1MW+)
Oldhall Industrial Estate,Energy From Waste,Awaiting Construction,233712,636561,In development,Large (1MW+)
East Tullos,Energy From Waste,Under Construction,395448,803990,In development,Large (1MW+)
Achnabreck,Energy From Waste,Awaiting Construction,192406,690450,In development,Large (1MW+)
Charlesfield Biomass CHP Plant,Energy From Waste,Operational,358892,629839,Operational,Large (1MW+)
Millerhill EfW (resubmission),Energy From Waste,Operational,332352,670580,Operational,Large (1MW+)
CalaChem Fine Chemicals (Grangemouth),Energy From Waste,Under Construction,291830,681210,In development,Large (1MW+)
Avondale Quarry (Pilot),Energy From Waste,Operational,295367,678750,Operational,Large (1MW+)
Levenseat EfW,Energy From Waste,Operational,294854,655234,Operational,Large (1MW+)
Baldovie,Energy From Waste,Operational,344500,733100,Operational,Large (1MW+)
"Barr River, Loch Teacuis",Hydro,Awaiting Construction,161763,755977,In development,Large (1MW+)
Allt Charnan,Hydro,Awaiting Construction,214370,748440,In development,Large (1MW+)
Glen Etive Estate Phase I (Allt na Chaorainn),Hydro,Awaiting Construction,219630,751060,In development,Large (1MW+)
Glen Etive Estate Phase II (Allt Mheuran),Hydro,Awaiting Construction,213510,746040,In development,Small to medium (>=45kW and <1MW)
Cruachan,Hydro,Operational,208017,728674,Operational,Large (1MW+)
Duror 2 Hydro Scheme,Hydro,Under Construction,200566,754831,In development,Small to medium (>=45kW and <1MW)
Birkhall Estate,Hydro,Operational,334413,790888,Operational,Large (1MW+)
Loch Doon Dam Compensation Set,Hydro,Awaiting Construction,247750,601586,In development,Small to medium (>=45kW and <1MW)
Allt Garaidh Ghualaich Hydro Scheme Powerhouse,Hydro,Under Construction,215625,798782,In development,Large (1MW+)
Allt Easach Hydro,Hydro,Awaiting Construction,206993,739515,In development,Large (1MW+)
Craig Farm,Hydro,Under Construction,216482,728103,In development,Small to medium (>=45kW and <1MW)
Allt an t-Sidhein Hydro Scheme,Hydro,Under Construction,229697,797369,In development,Small to medium (>=45kW and <1MW)
Garvie Burn,Hydro,Awaiting Construction,205457,690018,In development,Small to medium (>=45kW and <1MW)
Glen Kinglass,Hydro,Under Construction,215301,737604,In development,Large (1MW+)
Blackwater Dam,Hydro,Awaiting Construction,224709,760249,In development,Small to medium (>=45kW and <1MW)
Lochaber Hydro Development (Scheme 2),Hydro,Awaiting Construction,216991,775784,In development,Large (1MW+)
Lochaber Hydro Development (Scheme 3),Hydro,Awaiting Construction,222504,775903,In development,Large (1MW+)
Blackbarn Farm,Hydro,Awaiting Construction,231548,656890,In development,Large (1MW+)
Allt Eilidh,Hydro,Under Construction,206669,752800,In development,Small to medium (>=45kW and <1MW)
Gaineamhach Hydro Scheme Powerhouse (resubmission),Hydro,Awaiting Construction,181797,868972,In development,Large (1MW+)
Allt na Moine,Hydro,Awaiting Construction,169268,854081,In development,Large (1MW+)
Glen Noe River,Hydro,Under Construction,204878,734104,In development,Large (1MW+)
Killail Farm,Hydro,Awaiting Construction,193443,684327,In development,Small to medium (>=45kW and <1MW)
Luichart Power Station,Hydro,Awaiting Construction,239414,857013,In development,Large (1MW+)
Coire Glas - Phase I,Hydro,Awaiting Construction,222889,795160,In development,Large (1MW+)
Glenmuckloch,Hydro,Awaiting Construction,273301,612213,In development,Large (1MW+)
Glasa Hydropower Cascade/Kildermorie Estate,Hydro,Awaiting Construction,252096,877941,In development,Large (1MW+)
Coire Glas - Phase II,Hydro,Application Submitted,226693,796765,In development,Large (1MW+)
Red John Pumped Storage,Hydro,Application Submitted,261478,833306,In development,Large (1MW+)
Ghuilbinn Hydro Scheme,Hydro,Operational,243130,780340,Operational,Large (1MW+)
Foyers,Hydro,Operational,249655,820941,Operational,Large (1MW+)
Great Glen Scheme,Hydro,Operational,235700,815600,Operational,Large (1MW+)
River Coiltie Hydro Scheme,Hydro,Operational,249251,827905,Operational,Large (1MW+)
Bruach Caorainn Hydro Scheme,Hydro,Operational,241957,700895,Operational,Large (1MW+)
Lochaber,Hydro,Operational,212621,775052,Operational,Large (1MW+)
Kinlochleven Hydro Power Station,Hydro,Operational,218729,762021,Operational,Large (1MW+)
Loch Eilde Mor Hydro (Kinlochleven extension),Hydro,Operational,221625,763589,Operational,Large (1MW+)
Grudie,Hydro,Operational,196459,867347,Operational,Large (1MW+)
Loch An Laoigh Hydro,Hydro,Operational,201607,839621,Operational,Large (1MW+)
Uisge Dubh Hydro,Hydro,Operational,200062,836426,Operational,Large (1MW+)
River Pattack (resubmission),Hydro,Operational,254876,783125,Operational,Large (1MW+)
Ardtalnaig Hydro Scheme (resubmission),Hydro,Operational,268858,739100,Operational,Large (1MW+)
Allt Garbh hydro,Hydro,Operational,218018,822389,Operational,Large (1MW+)
Abhainn Gleann Nam Fiadh,Hydro,Operational,230807,769237,Operational,Large (1MW+)
River Taodail Hydro,Hydro,Operational,194657,842146,Operational,Large (1MW+)
Nevis Range,Hydro,Operational,220471,776708,Operational,Large (1MW+)
Derrydarroch,Hydro,Operational,212176,775418,Operational,Large (1MW+)
Allt Ladaidh Hydro,Hydro,Operational,222875,800386,Operational,Large (1MW+)
Chaorach Hydro,Hydro,Operational,246250,725250,Operational,Large (1MW+)
Ceannacroc,Hydro,Operational,222790,811296,Operational,Large (1MW+)
Badachro hydro scheme - resubmission,Hydro,Operational,179040,871370,Operational,Large (1MW+)
Leacann Hydro,Hydro,Operational,202172,702341,Operational,Large (1MW+)
Langwell Estate hydro scheme,Hydro,Operational,218915,901914,Operational,Large (1MW+)
Garbhaig Hydro Scheme,Hydro,Operational,190263,871166,Operational,Large (1MW+)
Beinn Eagagach Hydro,Hydro,Operational,288377,751719,Operational,Large (1MW+)
Ben Glas,Hydro,Operational,232100,718600,Operational,Large (1MW+)
Donich Water Hydro,Hydro,Operational,221500,701500,Operational,Large (1MW+)
River Lochy Hydro,Hydro,Operational,219760,727460,Operational,Large (1MW+)
Cia Aig Hydro,Hydro,Operational,217196,788748,Operational,Large (1MW+)
Allt Cheanna Mhuir Hydro,Hydro,Operational,210472,791397,Operational,Large (1MW+)
Bruar Hydro Scheme,Hydro,Operational,282340,772772,Operational,Large (1MW+)
Dalchonzie,Hydro,Operational,274035,721990,Operational,Large (1MW+)
Eas a Ghaill,Hydro,Operational,219607,727417,Operational,Large (1MW+)
Glen Fyne 'Merk' Hydro,Hydro,Operational,209952,709286,Operational,Large (1MW+)
Ederline Hydro,Hydro,Operational,192775,703372,Operational,Large (1MW+)
Inver Hydro,Hydro,Operational,144165,671452,Operational,Large (1MW+)
Allt Fionn - resubmission,Hydro,Operational,233200,720700,Operational,Large (1MW+)
Black Rock,Hydro,Operational,259900,866800,Operational,Large (1MW+)
Innerwick Hydro,Hydro,Operational,258577,747751,Operational,Large (1MW+)
Keltneyburn Hydro,Hydro,Operational,277190,748690,Operational,Large (1MW+)
Innerhadden Burn Hydro,Hydro,Operational,265950,750850,Operational,Large (1MW+)
Turret water treatment works,Hydro,Operational,286500,721600,Operational,Large (1MW+)
Striven,Hydro,Operational,205595,683990,Operational,Large (1MW+)
Glendoe Hydro Scheme,Hydro,Operational,239200,809000,Operational,Large (1MW+)
Cassley,Hydro,Operational,247325,901540,Operational,Large (1MW+)
Cashlie,Hydro,Operational,248530,741735,Operational,Large (1MW+)
Achanalt,Hydro,Operational,225895,861615,Operational,Large (1MW+)
Gaur,Hydro,Operational,246415,756890,Operational,Large (1MW+)
Pitlochry,Hydro,Operational,293515,757730,Operational,Large (1MW+)
Ceannacroc,Hydro,Operational,222745,810690,Operational,Large (1MW+)
Foyers Falls,Hydro,Operational,249845,820010,Operational,Large (1MW+)
Invergarry,Hydro,Operational,231930,801320,Operational,Large (1MW+)
Livishie,Hydro,Operational,240245,817495,Operational,Large (1MW+)
Lednock,Hydro,Operational,276730,722040,Operational,Large (1MW+)
Lubreoch,Hydro,Operational,245310,741720,Operational,Large (1MW+)
Loch Ericht,Hydro,Operational,255340,772785,Operational,Large (1MW+)
Mucomir,Hydro,Operational,218350,783900,Operational,Large (1MW+)
Lairg,Hydro,Operational,257505,906940,Operational,Large (1MW+)
Cuaich,Hydro,Operational,265640,787175,Operational,Large (1MW+)
Loch Gair,Hydro,Operational,192865,691305,Operational,Large (1MW+)
Sron Mor,Hydro,Operational,264850,798415,Operational,Large (1MW+)
Aigas,Hydro,Operational,247395,843655,Operational,Large (1MW+)
Kilmorack,Hydro,Operational,249410,844225,Operational,Large (1MW+)
Orrin,Hydro,Operational,246905,851695,Operational,Large (1MW+)
Tor Achilty,Hydro,Operational,244625,854520,Operational,Large (1MW+)
Kilmelfort,Hydro,Operational,184035,714385,Operational,Large (1MW+)
Lussa,Hydro,Operational,164170,688680,Operational,Large (1MW+)
Mullardoch Tunnel,Hydro,Operational,222860,831415,Operational,Large (1MW+)
Black Dog,Landfill Gas,Operational,396450,814422,Operational,Large (1MW+)
Dunbar Power Plant,Landfill Gas,Operational,371365,675845,Operational,Large (1MW+)
Dunbar,Landfill Gas,Operational,371600,675600,Operational,Large (1MW+)
Lower Melville Wood,Landfill Gas,Operational,330000,711700,Operational,Large (1MW+)
Greengairs Landfill Scheme Phase III,Landfill Gas,Operational,278500,669700,Operational,Large (1MW+)
Greengairs Landfill Scheme Phase IV,Landfill Gas,Operational,278500,669700,Operational,Large (1MW+)
Greengairs Landfill Scheme Phase I,Landfill Gas,Operational,278500,659700,Operational,Large (1MW+)
Greengairs Landfill Scheme Phase II,Landfill Gas,Operational,278500,669700,Operational,Large (1MW+)
Summerston Landfill,Landfill Gas,Operational,258000,671700,Operational,Large (1MW+)
Lochhead,Landfill Gas,Operational,308500,690500,Operational,Large (1MW+)
South Cathkin Landfill Site,Landfill Gas,Operational,262500,657500,Operational,Large (1MW+)
Garlaff Landfill (Extension),Landfill Gas,Operational,254300,617500,Operational,Large (1MW+)
Garlaff Landfill,Landfill Gas,Operational,254300,617500,Operational,Large (1MW+)
Binn Landfill,Landfill Gas,Operational,317600,713900,Operational,Large (1MW+)
Tarbothill Landfill Site,Landfill Gas,Operational,395600,813500,Operational,Large (1MW+)
Avondale,Landfill Gas,Operational,278500,669700,Operational,Large (1MW+)
Oatslie Landfill Gas,Landfill Gas,Operational,327200,663100,Operational,Large (1MW+)
Auchencarroch Landfill,Landfill Gas,Operational,242100,681100,Operational,Large (1MW+)
Auchinlea Landfill Site,Landfill Gas,Operational,281000,659000,Operational,Large (1MW+)
Barkip Landfill Site,Landfill Gas,Operational,229333,650530,Operational,Large (1MW+)
Greenoakhill,Landfill Gas,Operational,266600,662700,Operational,Large (1MW+)
Greengairs Landfill Scheme Phase VI,Landfill Gas,Operational,278500,669700,Operational,Large (1MW+)
Greengairs Landfill Scheme Phase V,Landfill Gas,Operational,278500,669700,Operational,Large (1MW+)
Dunlop Landfill Gas Scheme,Landfill Gas,Operational,244600,651500,Operational,Large (1MW+)
Kaimes Landfill Site,Landfill Gas,Operational,312800,666500,Operational,Large (1MW+)
Stracathro Hospital Solar,Photovoltaic,Awaiting Construction,362591,764986,In development,Small to medium (>=45kW and <1MW)
Cupar Wastewater Treatment Works Solar Farm,Photovoltaic,Awaiting Construction,338752,714907,In development,Small to medium (>=45kW and <1MW)
East Ballochy (Resubmission),Photovoltaic,Awaiting Construction,367035,761826,In development,Large (1MW+)
Perth Wastewater Treatment Works (Extension),Photovoltaic,Awaiting Construction,314371,722017,In development,Small to medium (>=45kW and <1MW)
City of Edinburgh Council Buildings,Photovoltaic,Awaiting Construction,326167,673824,In development,Small to medium (>=45kW and <1MW)
Land North of Balbeggie Avenue,Photovoltaic,Awaiting Construction,328587,696532,In development,Large (1MW+)
Finmont Service Reservoir,Photovoltaic,Operational,323203,699536,Operational,Small to medium (>=45kW and <1MW)
Perth Wastewater Treatment Works,Photovoltaic,Awaiting Construction,314552,722067,In development,Small to medium (>=45kW and <1MW)
Easter Bush,Photovoltaic,Under Construction,325277,664574,In development,Large (1MW+)
Tesco Extra Dumfries,Photovoltaic,Awaiting Construction,296221,576844,In development,Small to medium (>=45kW and <1MW)
Tesco Superstore Annan,Photovoltaic,Awaiting Construction,320134,566340,In development,Small to medium (>=45kW and <1MW)
Hutchesons Grammar School,Photovoltaic,Awaiting Construction,257194,662717,In development,Small to medium (>=45kW and <1MW)
Carey Solar Farm,Photovoltaic,Awaiting Construction,317354,716778,In development,Large (1MW+)
Milltown Airfield (Speyslaw),Photovoltaic,Awaiting Construction,326418,865499,In development,Large (1MW+)
Speyslaw Solar Farm,Photovoltaic,Awaiting Construction,328565,866472,In development,Large (1MW+)
Cordon Farm,Photovoltaic,Awaiting Construction,318335,717885,In development,Large (1MW+)
Iron Mountain Building,Photovoltaic,Awaiting Construction,305189,670062,In development,Small to medium (>=45kW and <1MW)
Iron Mountain Howe Moss Drive,Photovoltaic,Awaiting Construction,386724,812305,In development,Small to medium (>=45kW and <1MW)
Montreathmont Moor Forest,Photovoltaic,Awaiting Construction,357573,753072,In development,Large (1MW+)
Field 730M West Of Queen Street,Photovoltaic,Awaiting Construction,349552,754769,In development,Large (1MW+)
Bilbo Solar Farm,Photovoltaic,Under Construction,405327,855492,In development,Large (1MW+)
South of Greenwellheads,Photovoltaic,Awaiting Construction,406370,854550,In development,Large (1MW+)
Berryhill Farm Solar Array,Photovoltaic,Awaiting Construction,273164,679927,In development,Large (1MW+)
Glenhead Farm Lower Solar Array,Photovoltaic,Awaiting Construction,274229,678358,In development,Large (1MW+)
Glenhead Farm (Upper),Photovoltaic,Awaiting Construction,273746,680043,In development,Large (1MW+)
Carsebank Farm,Photovoltaic,Awaiting Construction,348194,754403,In development,Large (1MW+)
Aviva Headquarters,Photovoltaic,Under Construction,309819,722214,In development,Large (1MW+)
Eden Campus,Photovoltaic,Awaiting Construction,345120,719601,In development,Large (1MW+)
Inverness Royal Academy,Photovoltaic,Awaiting Construction,266626,842081,In development,Small to medium (>=45kW and <1MW)
Howden Farm,Photovoltaic,Awaiting Construction,349610,667181,In development,Small to medium (>=45kW and <1MW)
Claylands Road,Photovoltaic,Awaiting Construction,312064,671748,In development,Small to medium (>=45kW and <1MW)
Patrickston Farm,Photovoltaic,Awaiting Construction,269179,695851,In development,Large (1MW+)
Banbeath Industrial Estate,Photovoltaic,Awaiting Construction,337110,701484,In development,Small to medium (>=45kW and <1MW)
St Margarets Bay,Photovoltaic,Operational,312275,681623,Operational,Small to medium (>=45kW and <1MW)
Alness Academy,Photovoltaic,Under Construction,265884,869312,In development,Small to medium (>=45kW and <1MW)
Lochaber High School (Resubmission),Photovoltaic,Operational,212357,775929,Operational,Small to medium (>=45kW and <1MW)
Invergordon Academy,Photovoltaic,Operational,270904,869074,Operational,Small to medium (>=45kW and <1MW)
Parkhill Solar Farm,Photovoltaic,Operational,364125,745917,Operational,Large (1MW+)
Kilgallioch Windfarm (Extension - Solar),Photovoltaic,Application Submitted,225000,570000,In development,Large (1MW+)
Dunfermline EDI4,Photovoltaic,Awaiting Construction,313506,686540,In development,Large (1MW+)
Glaxosmithkline Shewalton Road,Photovoltaic,Awaiting Construction,234491,636772,In development,Large (1MW+)
Lochhead Steading Concrete Block Manufacturing Plant,Photovoltaic,Awaiting Construction,347503,750941,In development,Small to medium (>=45kW and <1MW)
Sheirdrim Renewable Energy Development - Solar,Photovoltaic,Application Submitted,181450,657720,In development,Large (1MW+)
West Grange Solar Farm (Resubmission),Photovoltaic,Awaiting Construction,298345,689835,In development,Large (1MW+)
Henry Colbeck Office,Photovoltaic,Operational,274033,664118,Operational,Small to medium (>=45kW and <1MW)
Skelmonae Farm,Photovoltaic,Awaiting Construction,388690,839555,In development,Large (1MW+)
Bruxiehall Farm,Photovoltaic,Under Construction,408820,851140,In development,Large (1MW+)
Ballochmartin,Photovoltaic,Awaiting Construction,216964,656725,In development,Large (1MW+)
Hill of Blairfowl Solar Farm,Photovoltaic,Awaiting Construction,379540,837700,In development,Large (1MW+)
Balhearty Solar,Photovoltaic,Operational,293723,695800,Operational,Large (1MW+)
Middle Balbeggie,Photovoltaic,Operational,328855,695619,Operational,Large (1MW+)
Pressock Farm,Photovoltaic,Operational,356893,749462,Operational,Large (1MW+)
West Strathore Solar Limited,Photovoltaic,Operational,328619,697504,Operational,Large (1MW+)
New Mains Of Guynd Farm,Photovoltaic,Operational,356528,742680,Operational,Large (1MW+)
Wormit Solar Farm,Photovoltaic,Operational,340703,725248,Operational,Large (1MW+)
House O’Hill Solar Farm,Photovoltaic,Operational,397540,859050,Operational,Large (1MW+)
Errol Estate,Photovoltaic,Operational,321208,720222,Operational,Large (1MW+)
Cairnmore Solar Park,Photovoltaic,Operational,350267,824528,Operational,Large (1MW+)
Cairnmore Solar Park (extension),Photovoltaic,Operational,350467,824466,Operational,Large (1MW+)
Cairnhill Farm solar park,Photovoltaic,Operational,377824,852312,Operational,Large (1MW+)
Aldi Distribution Centre,Photovoltaic,Operational,296982,666291,Operational,Large (1MW+)
Mackies Dairy PV,Photovoltaic,Operational,376700,832011,Operational,Large (1MW+)
Mull of Kintyre,Tidal Stream,Awaiting Construction,157228,603340,In development,Large (1MW+)
Sound of Islay,Tidal Stream,Awaiting Construction,143843,667672,In development,Large (1MW+)
Inner Sound Phase 1B/1C (MeyGen),Tidal Stream,Awaiting Construction,335503,984335,In development,Large (1MW+)
Shetland Tidal Array,Tidal Stream,Operational,440389,1183121,Operational,Small to medium (>=45kW and <1MW)
Shetland Tidal Array (extension),Tidal Stream,Awaiting Construction,440389,1183121,In development,Large (1MW+)
West Islay Tidal Array,Tidal Stream,Awaiting Construction,116500,652500,In development,Large (1MW+)
Magallanes (FoW - EMEC),Tidal Stream,Operational,354000,1028400,Operational,Large (1MW+)
SR-2000 (FoW - EMEC),Tidal Stream,Operational,354000,1028400,Operational,Large (1MW+)
Brims Tidal Array (Cantick Head),Tidal Stream,Application Submitted,328689,986676,In development,Large (1MW+)
Inner Sound Phase 1A (MeyGen),Tidal Stream,Operational,335503,984335,Operational,Large (1MW+)
Dundee Technology Park,Other,Awaiting Construction,335237,731592,In development,Large (1MW+)
Learielaw Farm,Other,Awaiting Construction,308286,670876,In development,Large (1MW+)
Blackpark Energy Storage (Resubmission),Other,Awaiting Construction,289892,855084,In development,Large (1MW+)
Troston Loch Wind Farm,Other,Awaiting Construction,268466,590107,In development,Large (1MW+)
"Torrdhuin, Auchteraw Battery Storage Facility",Other,Application Submitted,234761,807618,In development,Large (1MW+)
"Platchaig House, Kilmorack - Battery Storage Facility",Other,Application Submitted,249707,844935,In development,Unknown
East Ballochy,Other,Awaiting Construction,367035,761826,In development,Large (1MW+)
Perth Wastewater Treatment Works (Extension),Other,Awaiting Construction,314371,722017,In development,Unknown
Drumcross Battery Storage,Other,Awaiting Construction,305280,667171,In development,Large (1MW+)
Fell Wind Farm Battery,Other,Application Submitted,272679,583776,In development,Unknown
Cornharrow Wind Farm Battery,Other,Application Submitted,266701,592862,In development,Unknown
Tormywheel Wind Farm,Other,Awaiting Construction,295290,658102,In development,Large (1MW+)
Land SW of Shilton Cottage,Other,Awaiting Construction,243794,671266,In development,Large (1MW+)
Aikengall II Community Wind Farm Battery,Other,Awaiting Construction,367967,668389,In development,Large (1MW+)
Land To The East Of Wholeflats Road (Grangemouth),Other,Awaiting Construction,293973,679925,In development,Large (1MW+)
Bilbo Solar Farm Energy Storage,Other,Under Construction,405327,855492,In development,Large (1MW+)
Whitelaw Brae Wind farm,Other,Awaiting Construction,306039,621476,In development,Large (1MW+)
STOR Field 9,Other,Awaiting Construction,313196,683767,In development,Large (1MW+)
Berfern Farm,Other,Awaiting Construction,220467,671157,In development,Large (1MW+)
Drumfad Wood,Other,Awaiting Construction,231381,684279,In development,Large (1MW+)
Shindour Feddal Hill Wood Braco,Other,Awaiting Construction,281015,709090,In development,Large (1MW+)
Orchardbank Industrial Estate,Other,Awaiting Construction,344086,750088,In development,Large (1MW+)
Ardoch Farm,Other,Awaiting Construction,231148,644103,In development,Large (1MW+)
Shaws Farm,Other,Awaiting Construction,277378,649453,In development,Large (1MW+)
Dunsinane Industrial Estate,Other,Awaiting Construction,337745,732482,In development,Large (1MW+)
Fordtown Energy Storage (Resubmission),Other,Awaiting Construction,377990,814576,In development,Large (1MW+)
Roaring Hill (Resubmission),Other,Awaiting Construction,325451,702300,In development,Large (1MW+)
Harestanes Windfarm,Other,Awaiting Construction,300958,597760,In development,Large (1MW+)
Arecleoch Wind Farm (extension),Other,Application Submitted,221500,578500,In development,Large (1MW+)
Greenburn Wind Park,Other,Application Submitted,256423,614614,In development,Large (1MW+)
Land North of Thornton Road,Other,Awaiting Construction,329101,695410,In development,Large (1MW+)
Whitelee Wind Farm Battery Storage Extension,Other,Awaiting Construction,263618,646810,In development,Large (1MW+)
Jamesfield Organic Centre,Other,Awaiting Construction,320261,717467,In development,Large (1MW+)
Clauchrie Windfarm Battery,Other,Application Submitted,229552,588722,In development,Large (1MW+)
Hagshaw Hill,Other,Awaiting Construction,282089,631116,In development,Large (1MW+)
Tarland Substation,Other,Awaiting Construction,352561,807158,In development,Unknown
Pleasance Road,Other,Awaiting Construction,321821,739152,In development,Large (1MW+)
Fraserburgh Development,Other,Awaiting Construction,398525,864618,In development,Large (1MW+)
Strichen South,Other,Awaiting Construction,398939,854433,In development,Large (1MW+)
Strichen North,Other,Awaiting Construction,397549,855489,In development,Large (1MW+)
North West Of Jameston Farm,Other,Awaiting Construction,232189,647344,In development,Large (1MW+)
Sheirdrim Renewable Energy Development - Battery,Other,Application Submitted,181450,657720,In development,Large (1MW+)
North-East of Spitfire Way - GCP,Other,Awaiting Construction,293750,680150,In development,Unknown
Blackpark Farm,Other,Awaiting Construction,289712,814915,In development,Large (1MW+)
Douglas West Wind Farm (extension),Other,Application Submitted,280968,634257,In development,Large (1MW+)
Shepherd's Rig Wind Farm,Other,Application Submitted,262319,593591,In development,Large (1MW+)
Foula Community Electricity Scheme,Other,Operational,397081,1138943,Operational,Unknown
Horse Island Microgrid Project,Other,Operational,202386,904706,Operational,Unknown
Isle of Rum Microgrid Project,Other,Operational,137593,799241,Operational,Unknown
Kip Water Hydro Scheme,Other,Application Submitted,221610,673062,In development,Large (1MW+)
Hywind 2,Other,Operational,411917,846754,Operational,Large (1MW+)
Isle of Muck Microgrid System,Other,Operational,141577,779605,Operational,Unknown
Orkney Storage Park Project,Other,Operational,344780,1011192,Operational,Large (1MW+)
Northern Isles New Energy Solution (NINES) 1,Other,Operational,446456,1142794,Operational,Large (1MW+)
Isle of Eigg Electrification Project,Other,Operational,147908,786328,Operational,Small to medium (>=45kW and <1MW)
Billia Croo Wave Test Site (Extension),Wave Power,Application Submitted,323401,983560,In development,Large (1MW+)
Wello Penguin Device (Billia Croo - EMEC),Wave Power,Operational,323401,983560,Operational,Large (1MW+)
Douglas West Wind Farm (extension),Wind,Application Submitted,280968,634257,In development,Large (1MW+)
Hammars Hill Wind Farm Extension,Wind,Awaiting Construction,337526,1022979,In development,Large (1MW+)
Lower Rumster,Wind,Awaiting Construction,321714,936327,In development,Small to medium (>=45kW and <1MW)
"Land near Tacher, Latheron",Wind,Awaiting Construction,317290,946869,In development,Large (1MW+)
Ben Sca,Wind,Awaiting Construction,133545,847925,In development,Large (1MW+)
Isle of Luing Wind Farm,Wind,Awaiting Construction,174143,707638,In development,Small to medium (>=45kW and <1MW)
Pauls Hill 2,Wind,Awaiting Construction,311500,840500,In development,Large (1MW+)
Limekiln Wind Farm (Extension),Wind,Application Submitted,300298,961309,In development,Large (1MW+)
West Dykes,Wind,Awaiting Construction,266058,639006,In development,Large (1MW+)
Troston Loch,Wind,Awaiting Construction,268466,590107,In development,Large (1MW+)
Ackron Wind Farm Wind Farm,Wind,Application Submitted,291200,962500,In development,Large (1MW+)
Strath Tirry Wind Farm,Wind,Application Submitted,257880,914516,In development,Large (1MW+)
Cairnmore Hill Wind Farm,Wind,Application Submitted,305897,968734,In development,Large (1MW+)
Scoop Hill Wind Farm,Wind,Application Submitted,315500,598500,In development,Large (1MW+)
Mochrum Fell Wind Farm,Wind,Application Submitted,269420,572995,In development,Large (1MW+)
Cumberhead West Wind Farm,Wind,Application Submitted,281169,635550,In development,Large (1MW+)
Forss Wind Farm,Wind,Application Submitted,302336,969496,In development,Large (1MW+)
Euchanhead Wind Farm,Wind,Application Submitted,266343,604138,In development,Large (1MW+)
Plascow Wind Turbine,Wind,Application Submitted,288038,563854,In development,Unknown
Berry Burn Wind Farm (extension),Wind,Application Submitted,311550,840550,In development,Large (1MW+)
Lorg Windfarm,Wind,Awaiting Construction,263239,601647,In development,Large (1MW+)
Lochluichart Extension II,Wind,Awaiting Construction,232487,868453,In development,Large (1MW+)
Brownhill Farm (Resubmission),Wind,Awaiting Construction,288880,662140,In development,Large (1MW+)
Meall Buidhe Wind Farm,Wind,Application Submitted,245556,895446,In development,Large (1MW+)
Skelmonae Wind Farm Extension,Wind,Application Submitted,394382,836777,In development,Large (1MW+)
Crossdykes,Wind,Under Construction,325400,587500,In development,Large (1MW+)
Fell Wind Farm,Wind,Application Submitted,272679,583776,In development,Large (1MW+)
Cornharrow Wind Farm (Resubmission),Wind,Application Submitted,266701,592862,In development,Large (1MW+)
Sandy Knowe Wind Farm (S.36 resubmission),Wind,Awaiting Construction,270100,610600,In development,Large (1MW+)
Glen Ullinish Wind Farm,Wind,Awaiting Construction,134850,842440,In development,Large (1MW+)
Hill of Carlincraig wind turbines,Wind,Awaiting Construction,368325,844794,In development,Large (1MW+)
Greengairs Wind Farm,Wind,Awaiting Construction,279673,669835,In development,Large (1MW+)
Greengairs East Wind Farm,Wind,Awaiting Construction,280551,669203,In development,Large (1MW+)
Solwaybank Wind Farm (resubmission),Wind,Under Construction,329413,578978,In development,Large (1MW+)
Glenkerie Wind Farm Extension,Wind,Awaiting Construction,310453,628117,In development,Large (1MW+)
Loganhead Wind Farm,Wind,Awaiting Construction,330880,586580,In development,Large (1MW+)
Drumelzie,Wind,Awaiting Construction,288864,669037,In development,Large (1MW+)
A'Chruach (Phase 2),Wind,Awaiting Construction,194350,697350,In development,Large (1MW+)
South Priorhill Farm,Wind,Awaiting Construction,275280,639176,In development,Large (1MW+)
Stoney Hill Farm,Wind,Awaiting Construction,266542,636804,In development,Large (1MW+)
Tormywheel Wind Farm Extension,Wind,Awaiting Construction,294590,657692,In development,Large (1MW+)
Beinn Thulabaigh Wind Turbine,Wind,Awaiting Construction,136905,932771,In development,Large (1MW+)
Priestgill Wind Farm,Wind,Awaiting Construction,295854,625399,In development,Large (1MW+)
Windy Rig Wind Farm (resubmission),Wind,Awaiting Construction,261700,600000,In development,Large (1MW+)
Gass Wind Farm,Wind,Awaiting Construction,225226,566406,In development,Large (1MW+)
Aultmore Wind Farm -resubmission,Wind,Awaiting Construction,345000,860000,In development,Large (1MW+)
South Kyle Wind Farm,Wind,Awaiting Construction,254576,604980,In development,Large (1MW+)
Kenly Wind Farm (Resubmission),Wind,Awaiting Construction,355244,713277,In development,Large (1MW+)
Sandwick North St Community wind turbine,Wind,Awaiting Construction,121228,941735,In development,Large (1MW+)
Burnfoot East Wind Farm (further extension),Wind,Under Construction,290930,703230,In development,Large (1MW+)
Enoch Hill,Wind,Awaiting Construction,258401,609144,In development,Large (1MW+)
Sneddon Law Community Wind Farm,Wind,Under Construction,249387,641441,In development,Large (1MW+)
Camilty Wind Farm,Wind,Awaiting Construction,305615,659320,In development,Large (1MW+)
Hopsrig Wind Farm,Wind,Awaiting Construction,327484,588675,In development,Large (1MW+)
Over Hill Wind Farm,Wind,Awaiting Construction,251694,611197,In development,Large (1MW+)
Longhill Burn Wind Farm,Wind,Awaiting Construction,298062,658993,In development,Large (1MW+)
Neart na Gaoithe (Resubmission),Wind,Under Construction,384615,708641,In development,Large (1MW+)
Glenshimmeroch Wind Farm,Wind,Awaiting Construction,266021,587733,In development,Large (1MW+)
Glenshero Wind Farm,Wind,Application Submitted,255156,793734,In development,Large (1MW+)
Twentyshilling Hill Wind Farm (resubmission),Wind,Awaiting Construction,279500,604500,In development,Large (1MW+)
MacColl Offshore Windfarm (Moray East),Wind,Under Construction,353328,897834,In development,Large (1MW+)
Telford Offshore Windfarm (Moray East),Wind,Under Construction,353646,924989,In development,Large (1MW+)
Stevenson Offshore Windfarm (Moray East),Wind,Under Construction,331721,907867,In development,Large (1MW+)
Easter Tolmauds,Wind,Operational,362478,807524,Operational,Large (1MW+)
Strathy South,Wind,Awaiting Construction,279050,952050,In development,Large (1MW+)
Kincardine Offshore Windfarm,Wind,Under Construction,407766,789575,In development,Large (1MW+)
Strathallan Wind Farm,Wind,Awaiting Construction,281033,713188,In development,Large (1MW+)
Aikengall 3 Community Wind Farm,Wind,Awaiting Construction,371793,666791,In development,Large (1MW+)
Sanquhar 'Six' Community Wind Farm,Wind,Awaiting Construction,268285,606841,In development,Large (1MW+)
Deuchries Windfarm (extension),Wind,Awaiting Construction,363721,853713,In development,Large (1MW+)
Shepherd's Rig Wind Farm,Wind,Application Submitted,262319,593591,In development,Large (1MW+)
Sorbie Farm,Wind,Awaiting Construction,224637,644638,In development,Large (1MW+)
Pines Burn Wind Farm,Wind,Awaiting Construction,353795,606879,In development,Large (1MW+)
Rothes Wind Farm III,Wind,Application Submitted,321000,848000,In development,Large (1MW+)
Chirmorie Wind Farm,Wind,Awaiting Construction,222552,579875,In development,Large (1MW+)
Dell Wind Farm,Wind,Awaiting Construction,249820,806535,In development,Large (1MW+)
Kirk Hill Wind Farm,Wind,Awaiting Construction,226190,604790,In development,Large (1MW+)
Airigh Wind Farm,Wind,Awaiting Construction,176171,666802,In development,Large (1MW+)
Airies Farm,Wind,Operational,229266,548481,Operational,Large (1MW+)
Sanquhar 2 Community Wind Farm,Wind,Application Submitted,268554,603493,In development,Large (1MW+)
Viking Wind Farm (resubmission),Wind,Awaiting Construction,443800,1161960,In development,Large (1MW+)
Costa Head Wind Farm,Wind,Awaiting Construction,329920,1029790,In development,Large (1MW+)
Hesta Head Wind Farm,Wind,Awaiting Construction,346223,988155,In development,Large (1MW+)
Seagreen Phase 1 (Alpha),Wind,Awaiting Construction,404600,749300,In development,Large (1MW+)
Seagreen Phase 1 (Alpha),Wind,Awaiting Construction,404600,749300,In development,Large (1MW+)
An Suidhe,Wind,Operational,200483,707563,Operational,Large (1MW+)
Neilston Additional Wind Turbine,Wind,Awaiting Construction,245747,653929,In development,Large (1MW+)
Culterfield Windfarm (resubmission),Wind,Awaiting Construction,442000,1129500,In development,Large (1MW+)
Lochcarnan Community Windfarm,Wind,Operational,77451,828569,Operational,Large (1MW+)
Glen Kyllachy Wind Farm,Wind,Awaiting Construction,274500,827500,In development,Large (1MW+)
Limekiln Wind Farm (resubmission),Wind,Awaiting Construction,298654,961356,In development,Large (1MW+)
Clauchrie Windfarm,Wind,Application Submitted,229552,588722,In development,Large (1MW+)
Hagshaw Hill (Repowering),Wind,Awaiting Construction,282089,631116,In development,Large (1MW+)
High Constellation Wind Farm,Wind,Awaiting Construction,181000,651000,In development,Large (1MW+)
Kennoxhead Wind Farm Extension,Wind,Application Submitted,276456,625384,In development,Large (1MW+)
Inch Cape,Wind,Awaiting Construction,387786,734231,In development,Large (1MW+)
Fallago Rig,Wind,Operational,357000,660000,Operational,Large (1MW+)
Inverclyde Wind Farm (Corlic Hill),Wind,Under Construction,229563,672854,In development,Large (1MW+)
Kirkan Wind Farm,Wind,Application Submitted,245959,865205,In development,Large (1MW+)
Strathrory Wind Farm,Wind,Application Submitted,264000,877500,In development,Large (1MW+)
Rigghill Wind Farm,Wind,Application Submitted,221492,666156,In development,Large (1MW+)
Moorshield Wind Farm,Wind,Application Submitted,251966,649283,In development,Large (1MW+)
Netherton,Wind,Awaiting Construction,367378,836927,In development,Small to medium (>=45kW and <1MW)
Mountwest Wind Cluster (resubmission),Wind,Awaiting Construction,384500,828500,In development,Large (1MW+)
Aberarder Wind Farm,Wind,Awaiting Construction,264839,820696,In development,Large (1MW+)
Hill of Towie II Wind Farm,Wind,Awaiting Construction,320000,860000,In development,Large (1MW+)
Blary Hill Wind Farm,Wind,Under Construction,170381,636538,In development,Large (1MW+)
Arecleoch Wind Farm (extension),Wind,Application Submitted,221500,578500,In development,Large (1MW+)
Cloiche Wind Farm,Wind,Application Submitted,246861,813520,In development,Large (1MW+)
Greenburn Wind Park,Wind,Application Submitted,256423,614614,In development,Large (1MW+)
Lethans Wind Farm (resubmission),Wind,Awaiting Construction,268331,616048,In development,Large (1MW+)
Kype Muir Wind Farm Extension,Wind,Under Construction,271915,639557,In development,Large (1MW+)
Dalquhandy Windfarm,Wind,Awaiting Construction,214836,591232,In development,Large (1MW+)
Lairg Wind Farm Extension (Lairg 2),Wind,Awaiting Construction,259717,902222,In development,Large (1MW+)
Hill Of Lychrobbie,Wind,Awaiting Construction,316974,932057,In development,Large (1MW+)
Gordonbush (extension),Wind,Under Construction,284604,912697,In development,Large (1MW+)
Hill of Towie (Drummuir),Wind,Operational,320000,860000,Operational,Large (1MW+)
Creag Riabhach Wind Farm,Wind,Awaiting Construction,252589,928364,In development,Large (1MW+)
"Aikengall II, Wester Dod Community Wind Farm",Wind,Operational,369468,669455,Operational,Large (1MW+)
Kennoxhead Wind Farm,Wind,Awaiting Construction,277147,624403,In development,Large (1MW+)
Balmurrie Fell Wind Farm,Wind,Operational,238626,555982,Operational,Large (1MW+)
Strathy Wood,Wind,Application Submitted,282146,955604,In development,Large (1MW+)
Faw Side Community Wind Farm,Wind,Application Submitted,335000,596000,In development,Large (1MW+)
Stornoway Wind Farm (second resubmission),Wind,Application Submitted,142695,934003,In development,Large (1MW+)
Beinn an Tuirc Windfarm Phase 3,Wind,Under Construction,172270,633925,In development,Large (1MW+)
Uisenis/Eishken (Muaitheabhal) (Southern Extension),Wind,Awaiting Construction,128788,911062,In development,Large (1MW+)
Uisenis/Eishken (Muaitheabhal) (East Extension),Wind,Awaiting Construction,132947,913350,In development,Large (1MW+)
Uisenis/Eishken (Muaitheabhal) Wind Farm,Wind,Awaiting Construction,126600,913600,In development,Large (1MW+)
Halsary Wind Farm,Wind,Under Construction,315749,950081,In development,Large (1MW+)
Druim Leathann (resubmission),Wind,Awaiting Construction,151403,947774,In development,Large (1MW+)
Tangy 4 Wind Farm,Wind,Awaiting Construction,168500,628500,In development,Large (1MW+)
Stranoch Wind Farm,Wind,Awaiting Construction,215493,571022,In development,Large (1MW+)
Braemore,Wind,Awaiting Construction,255325,900934,In development,Large (1MW+)
Eascairt Wind Farm,Wind,Awaiting Construction,183500,655000,In development,Large (1MW+)
Whitelaw Brae Wind Farm,Wind,Awaiting Construction,306039,621476,In development,Large (1MW+)
North Hoo Fields,Wind,Awaiting Construction,445388,1142745,In development,Small to medium (>=45kW and <1MW)
Brackenhills Farm (resubmission),Wind,Awaiting Construction,358303,859511,In development,Large (1MW+)
Green Burn Wind Farm,Wind,Awaiting Construction,315871,755635,In development,Large (1MW+)
Hartwood Windfarm,Wind,Awaiting Construction,284792,659236,In development,Large (1MW+)
Creag Dhubh,Wind,Application Submitted,212821,703627,In development,Large (1MW+)
Gilston Hill Wind Farm,Wind,Awaiting Construction,344140,657352,In development,Large (1MW+)
Stranoch 2,Wind,Application Submitted,215493,571022,In development,Large (1MW+)
Yell Wind Farm,Wind,Application Submitted,449792,1202671,In development,Large (1MW+)
Hare Craig Windfarm,Wind,Application Submitted,274078,630954,In development,Large (1MW+)
Clashindarroch 2 (extension),Wind,Application Submitted,344000,833000,In development,Large (1MW+)
Kilgallioch Windfarm (Extension),Wind,Application Submitted,225000,570000,In development,Large (1MW+)
"Bridge House, Muasdale, Tarbert, Strathclyde",Wind,Awaiting Construction,172190,641550,In development,Large (1MW+)
Narachan Wind Farm,Wind,Application Submitted,175585,647445,In development,Large (1MW+)
Coire Na Cloiche Wind Farm,Wind,Operational,258937,878023,Operational,Large (1MW+)
Moray Firth 2 (West),Wind,Awaiting Construction,322637,909733,In development,Large (1MW+)
Pencloe Wind Farm,Wind,Awaiting Construction,257641,610606,In development,Large (1MW+)
Knockman Hill Wind Farm,Wind,Awaiting Construction,266921,583507,In development,Large (1MW+)
BARLOCKHART MOOR - extension,Wind,Awaiting Construction,222700,557109,In development,Large (1MW+)
Glenmuckloch Wind Farm,Wind,Awaiting Construction,270269,615690,In development,Large (1MW+)
Cogle Moss Wind Farm,Wind,Awaiting Construction,327494,955985,In development,Large (1MW+)
Easter Drumclair Wood (Resubmission),Wind,Awaiting Construction,286869,671605,In development,Large (1MW+)
Knockshinnoch Wind Farm,Wind,Awaiting Construction,260917,612721,In development,Large (1MW+)
Millennium South - Phase 3,Wind,Awaiting Construction,227236,807450,In development,Large (1MW+)
Poniel Wind Turbines,Wind,Awaiting Construction,284063,633619,In development,Large (1MW+)
Douglas West and Dalquhandy Renewable Energy Project,Wind,Awaiting Construction,280968,634257,In development,Large (1MW+)
Hazelside farm - resubmission,Wind,Under Construction,281251,630930,In development,Large (1MW+)
Shewalton Road,Wind,Awaiting Construction,234160,636667,In development,Large (1MW+)
Beinn Mheadhonach,Wind,Awaiting Construction,139317,837466,In development,Large (1MW+)
Corriemoillie (Resubmission),Wind,Operational,234700,867700,Operational,Large (1MW+)
Wathegar 2 Wind Farm,Wind,Operational,329103,950291,Operational,Large (1MW+)
Lowther Hills (North Lowther Energy Initiative),Wind,Application Submitted,283464,615138,In development,Large (1MW+)
Broken Cross (Former Surface Mine),Wind,Application Submitted,285677,636040,In development,Large (1MW+)
Draffanmarshill Farm,Wind,Application Submitted,278551,645431,In development,Large (1MW+)
North Kyle Energy Project,Wind,Application Submitted,250488,608948,In development,Large (1MW+)
Sheirdrim Renewable Energy Development - Wind,Wind,Application Submitted,181450,657720,In development,Large (1MW+)
Crookedstane Farm,Wind,Awaiting Construction,296607,615168,In development,Large (1MW+)
Lion Hill Wind Farm (Crookedstane Farm 2),Wind,Awaiting Construction,297700,610300,In development,Large (1MW+)
Polquhairn Wind Farm,Wind,Awaiting Construction,246990,616752,In development,Large (1MW+)
Benbrack,Wind,Awaiting Construction,253199,599440,In development,Large (1MW+)
Torrs Hill,Wind,Under Construction,252600,589000,In development,Large (1MW+)
Dounreay Trì Floating Wind Demonstration,Wind,Under Construction,291337,980477,In development,Large (1MW+)
Pogbie Wind Farm 2,Wind,Operational,347360,661013,Operational,Large (1MW+)
Work Farm Wind Turbines,Wind,Awaiting Construction,347667,1012871,In development,Large (1MW+)
Golticlay Wind Farm,Wind,Application Submitted,322334,940553,In development,Large (1MW+)
Kype Muir Wind Farm,Wind,Operational,271915,639557,Operational,Large (1MW+)
Camster II,Wind,Application Submitted,328795,948360,In development,Large (1MW+)
"Land between Lorg Hill, Ewe Hill and Brown Hill",Wind,Awaiting Construction,266135,600844,In development,Large (1MW+)
Southrigg 2 (Resubmission),Wind,Awaiting Construction,292119,665711,In development,Large (1MW+)
Crystal Rig Wind Farm Phase IV,Wind,Application Submitted,367100,667900,In development,Large (1MW+)
Lurg Hill Wind Farm,Wind,Awaiting Construction,351190,858727,In development,Large (1MW+)
Forth of Firth (Methil),Wind,Awaiting Construction,338141,696278,In development,Large (1MW+)
Clash Gour,Wind,Application Submitted,308050,844900,In development,Large (1MW+)
Heathland Wind Farm,Wind,Awaiting Construction,296479,656713,In development,Large (1MW+)
Dorenell Wind Farm (Previously Site A and B Scaut Hill),Wind,Operational,332000,829500,Operational,Large (1MW+)
West Benhar wind farm,Wind,Awaiting Construction,289560,661750,In development,Large (1MW+)
Tralorg Wind Farm,Wind,Under Construction,221728,598656,In development,Large (1MW+)
Mossy Hill,Wind,Awaiting Construction,443900,1142000,In development,Large (1MW+)
Sandwick East Community Wind Farm,Wind,Application Submitted,131345,929229,In development,Large (1MW+)
Achlachan Wind Farm,Wind,Operational,315200,952100,Operational,Large (1MW+)
Beatrice,Wind,Operational,344074,911416,Operational,Large (1MW+)
Bad a Cheo Wind Farm,Wind,Operational,316615,948900,Operational,Large (1MW+)
Larbrax Wind Farm (resubmission),Wind,Awaiting Construction,197120,561850,In development,Large (1MW+)
Middle Muir Wind Farm,Wind,Operational,286178,625826,Operational,Large (1MW+)
European Offshore Wind Deployment Centre (EOWDC) (Aberdeen Bay - Demonstration site),Wind,Operational,395693,806148,Operational,Large (1MW+)
Pogbie Wind Farm 1,Wind,Operational,347905,659047,Operational,Large (1MW+)
Glendye Estate,Wind,Application Submitted,364878,786267,In development,Large (1MW+)
Stronelairg Wind Farm,Wind,Operational,247166,806833,Operational,Large (1MW+)
Auchadaduie Wind Farm,Wind,Operational,169193,633969,Operational,Large (1MW+)
Moorhouse Farm,Wind,Operational,384415,667894,Operational,Large (1MW+)
Beaw Field Wind Farm,Wind,Awaiting Construction,450461,1182092,In development,Large (1MW+)
Levenmouth demonstration turbine (Fife Energy Park),Wind,Operational,340600,696860,Operational,Large (1MW+)
Mochrum Fell Wind Farm,Wind,Awaiting Construction,272064,574913,In development,Large (1MW+)
Cornabo,Wind,Awaiting Construction,364449,817874,In development,Large (1MW+)
Penbreck & Carmacoup Forest (Resubmission),Wind,Awaiting Construction,269500,627500,In development,Large (1MW+)
Meikle Hill wind farm,Wind,Awaiting Construction,315105,850668,In development,Large (1MW+)
Windy Edge Wind Farm,Wind,Awaiting Construction,349251,592241,In development,Large (1MW+)
Sandy Knowe Wind Farm (resubmission),Wind,Awaiting Construction,270100,610600,In development,Large (1MW+)
Howpark Farm,Wind,Awaiting Construction,382529,667205,In development,Large (1MW+)
Glen App,Wind,Operational,208880,571432,Operational,Large (1MW+)
Land to the north west of Hill of Petty,Wind,Awaiting Construction,375052,835922,In development,Large (1MW+)
North Haddo,Wind,Awaiting Construction,374646,838972,In development,Large (1MW+)
Hare Hill (East Ayrshire),Wind,Operational,265320,609703,Operational,Large (1MW+)
Hare Hill Extension,Wind,Operational,265320,609703,Operational,Large (1MW+)
Afton Wind Farm,Wind,Operational,262100,604100,Operational,Large (1MW+)
Deuchries,Wind,Operational,363290,855792,Operational,Large (1MW+)
North Yell Wind Farm (Garth Community Wind Farm),Wind,Operational,454471,1198506,Operational,Large (1MW+)
Brochloch Rig 1 (formerly Windy Standard),Wind,Operational,261500,602500,Operational,Large (1MW+)
Keith Hill (resubmission),Wind,Operational,348373,658532,Operational,Large (1MW+)
Evie Wind Energy Project,Wind,Awaiting Construction,335035,1025025,In development,Large (1MW+)
Stornoway Wind Farm project (was Lewis Wind Farm - Resubmission),Wind,Awaiting Construction,142695,934003,In development,Large (1MW+)
Navidale Estate,Wind,Awaiting Construction,303250,918542,In development,Large (1MW+)
Craigneil Hill,Wind,Application Submitted,380100,791000,In development,Large (1MW+)
Blarghour,Wind,Application Submitted,203718,713332,In development,Large (1MW+)
Hywind Scotland Pilot Park (Hywind 2) Demonstrator,Wind,Operational,433500,846500,Operational,Large (1MW+)
Harburnhead Wind Farm,Wind,Operational,304070,658330,Operational,Large (1MW+)
Forss Wind Farm,Wind,Operational,302000,969500,Operational,Large (1MW+)
Clyde Wind Farm Extension (Clyde 2),Wind,Operational,302328,624463,Operational,Large (1MW+)
Crystal Rig Wind Farm Phase III,Wind,Operational,366700,670500,Operational,Large (1MW+)
Windy Standard III Wind Farm (Brockloch Rig Phase 2),Wind,Application Submitted,257695,600320,In development,Large (1MW+)
LADEHEAD FARM - WIND TURBINES,Wind,Operational,279142,641223,Operational,Large (1MW+)
Blackcraig,Wind,Operational,270500,582500,Operational,Large (1MW+)
Whiteside Hill,Wind,Operational,271440,608920,Operational,Large (1MW+)
Cumberhead Wind Farm,Wind,Application Submitted,276581,632651,In development,Large (1MW+)
Beinn Tharsuinn Extension (Beinn nan Oighrean),Wind,Operational,266440,879840,Operational,Large (1MW+)
Sanquhar Community Windfarm,Wind,Operational,270311,607479,Operational,Large (1MW+)
Welton Of Creuchies,Wind,Operational,321622,750192,Operational,Large (1MW+)
Beinneun Windfarm Extension,Wind,Operational,220442,804419,Operational,Large (1MW+)
Andershaw,Wind,Operational,283500,625500,Operational,Large (1MW+)
Cairnborrow - resubmission,Wind,Operational,346153,841867,Operational,Large (1MW+)
Tullymurdoch Wind Farm,Wind,Operational,319575,752228,Operational,Large (1MW+)
Bhlaraidh (previously Balmacaan),Wind,Operational,244194,817221,Operational,Large (1MW+)
Brochloch Rig (formerly Windy Standard II),Wind,Operational,260200,602000,Operational,Large (1MW+)
Kilgallioch wind farm,Wind,Operational,220844,569576,Operational,Large (1MW+)
Drumduff,Wind,Operational,288877,669339,Operational,Large (1MW+)
Dunmaglass Wind Farm,Wind,Operational,264000,820120,Operational,Large (1MW+)
Tormywheel,Wind,Operational,295290,658102,Operational,Large (1MW+)
Auchrobert Wind Farm,Wind,Operational,275154,638500,Operational,Large (1MW+)
Carraig Gheal,Wind,Operational,196465,721170,Operational,Large (1MW+)
Corriegarth,Wind,Operational,257500,813500,Operational,Large (1MW+)
Robin Rigg East,Wind,Operational,291005,542348,Operational,Large (1MW+)
Robin Rigg West,Wind,Operational,288785,540522,Operational,Large (1MW+)
Beinneun,Wind,Operational,220442,804419,Operational,Large (1MW+)
Brotherton (formerly Paul Matthew Hill wind turbines),Wind,Operational,377397,769309,Operational,Large (1MW+)
Ewe Hill (extension),Wind,Operational,315000,580000,Operational,Large (1MW+)
Skeddoway Farm Wind Turbine,Wind,Operational,328104,697699,Operational,Large (1MW+)
Hoprigshiels Community Wind Farm,Wind,Operational,375631,669803,Operational,Large (1MW+)
Clentrie Wind Farm (Gevens),Wind,Operational,322212,692370,Operational,Large (1MW+)
Craigannet Farm Wind Turbine,Wind,Operational,271250,685550,Operational,Large (1MW+)
Beatrice Demonstrator,Wind,Operational,347955,929690,Operational,Large (1MW+)
Rothes Wind (Cairn Uish),Wind,Operational,318500,850500,Operational,Large (1MW+)
Freasdail Wind Farm,Wind,Operational,182440,659197,Operational,Large (1MW+)
Minnygap (Resubmission),Wind,Operational,303800,596000,Operational,Large (1MW+)
Craig Wind Farm (Extension),Wind,Operational,202000,557000,Operational,Large (1MW+)
Lochend Wind Farm,Wind,Operational,326691,968145,Operational,Large (1MW+)
Causeymire,Wind,Operational,336736,951086,Operational,Large (1MW+)
NEILSTON WIND FARM,Wind,Operational,245292,653952,Operational,Large (1MW+)
Middle Balbeggie Wind Turbines,Wind,Operational,327760,696279,Operational,Large (1MW+)
Ferneylea Farm,Wind,Operational,373982,669162,Operational,Large (1MW+)
Pearie Law Wind Farm,Wind,Operational,302205,659690,Operational,Large (1MW+)
Southrigg,Wind,Operational,291875,665563,Operational,Large (1MW+)
Kinegar Quarry (resubmission),Wind,Operational,377377,671362,Operational,Large (1MW+)
Hill of Tillymorgan (Kirkton Farm) Wind turbines (resubmission),Wind,Operational,363363,828345,Operational,Large (1MW+)
Quixwood Moor,Wind,Operational,378028,663859,Operational,Large (1MW+)
Millour Hill Community Windfarm (Extension) resubmission,Wind,Operational,225498,652662,Operational,Large (1MW+)
Hill of Glaschyle Wind Farm,Wind,Operational,303306,847855,Operational,Large (1MW+)
Glenchamber Wind Farm,Wind,Operational,223765,566671,Operational,Large (1MW+)
Assel Valley Wind Farm,Wind,Operational,223370,595995,Operational,Large (1MW+)
Gawnsmoss Cluster,Wind,Operational,363483,859316,Operational,Large (1MW+)
Galawhistle,Wind,Operational,275440,629090,Operational,Large (1MW+)
BROWNIELEYS - 3 WIND TURBINES,Wind,Operational,376967,772114,Operational,Large (1MW+)
Lochluichart (Extension),Wind,Operational,230678,869136,Operational,Large (1MW+)
Point Wind / Beinn Ghrideag Farm,Wind,Operational,136899,933106,Operational,Large (1MW+)
Dersalloch,Wind,Operational,242150,603950,Operational,Large (1MW+)
Edintore Wind Farm,Wind,Operational,342422,846573,Operational,Large (1MW+)
Sunnyside wind cluster,Wind,Operational,276612,611178,Operational,Large (1MW+)
Ardoch and Over Enoch Wind Farm (Over Enoch),Wind,Operational,258600,648600,Operational,Large (1MW+)
Ardoch and Over Enoch Wind Farm (Ardoch),Wind,Operational,258534,649697,Operational,Large (1MW+)
Noble Foods,Wind,Operational,328104,697428,Operational,Large (1MW+)
Marshill Farm,Wind,Operational,278551,645431,Operational,Large (1MW+)
KELLAS WIND FARM,Wind,Operational,316592,853931,Operational,Large (1MW+)
Easter Melrose Wind Energy Project,Wind,Operational,375187,863494,Operational,Large (1MW+)
Woodlands Wind Farm,Wind,Operational,279826,639404,Operational,Large (1MW+)
Earlsburn,Wind,Operational,269652,688422,Operational,Large (1MW+)
Muirhall Extension,Wind,Operational,299342,652838,Operational,Large (1MW+)
Carscreugh Renewable Energy Park,Wind,Operational,225000,555000,Operational,Large (1MW+)
Loch Sminig Wind Project,Wind,Operational,137480,952680,Operational,Large (1MW+)
Earlsburn North (Kingsburn) Wind Farm,Wind,Operational,268000,690500,Operational,Large (1MW+)
Penmanshiel Wind Farm,Wind,Operational,380006,667129,Operational,Large (1MW+)
Moy Wind Farm (2nd Application),Wind,Operational,276947,835012,Operational,Large (1MW+)
Black Law Extension - 1b,Wind,Operational,289500,653500,Operational,Large (1MW+)
Green Knowes,Wind,Operational,296850,707550,Operational,Large (1MW+)
Forss Wind Farm (Extension),Wind,Operational,302000,969500,Operational,Large (1MW+)
Droop Hill Wind Farm x,Wind,Operational,375708,781360,Operational,Large (1MW+)
Milton of Fisherie Wind Cluster,Wind,Operational,375067,859014,Operational,Large (1MW+)
Black Law Extension - 1a,Wind,Operational,289500,653500,Operational,Large (1MW+)
Goathill Quarry Turbine,Wind,Operational,317941,688959,Operational,Large (1MW+)
Mossmorran Wind Farm,Wind,Operational,318109,689419,Operational,Large (1MW+)
Srondoire Community Wind Farm,Wind,Operational,182700,676700,Operational,Large (1MW+)
Gremista Wind Farm,Wind,Operational,446287,1145628,Operational,Large (1MW+)
Stroupster Wind Farm - additional turbine,Wind,Operational,333969,965435,Operational,Large (1MW+)
Muirhall South,Wind,Operational,299342,652838,Operational,Large (1MW+)
Plascow wind cluster (resubmission),Wind,Operational,287380,563820,Operational,Large (1MW+)
Burnhead,Wind,Operational,289158,670199,Operational,Large (1MW+)
Rhodders Wind Farm,Wind,Operational,289525,702720,Operational,Large (1MW+)
Rosehill Wind Turbines,Wind,Operational,286252,686188,Operational,Large (1MW+)
Glens of Foudland,Wind,Operational,361900,837400,Operational,Large (1MW+)
Hill of Stroupster Windfarm,Wind,Operational,334250,966250,Operational,Large (1MW+)
Dungavel Hill,Wind,Operational,267954,636995,Operational,Large (1MW+)
Strathy North,Wind,Operational,281550,957550,Operational,Large (1MW+)
Langhope Rig,Wind,Operational,340680,620050,Operational,Large (1MW+)
Bankend Rig II Wind Farm,Wind,Application Submitted,264000,633700,In development,Large (1MW+)
Forrestfield Wind Farm,Wind,Application Submitted,286350,666350,In development,Large (1MW+)
Skeddoway Farm Wind Turbine (Resubmission),Wind,Operational,328104,697699,Operational,Large (1MW+)
Bankend Wind Farm (extension),Wind,Application Submitted,264000,633700,In development,Large (1MW+)
Torrance Farm Wind Park Extension,Wind,Operational,290908,666200,Operational,Large (1MW+)
Clashindarroch 2 (Revised),Wind,Operational,348000,831000,Operational,Large (1MW+)
GlaxoSmithKline Wind Project (Turbine 4),Wind,Operational,235111,636360,Operational,Large (1MW+)
Tod Hill Farm Wind Turbines,Wind,Operational,284064,683742,Operational,Large (1MW+)
Hill of Skilmafilly Cloffrickford (Denmore) Wind Farm,Wind,Operational,390213,840362,Operational,Large (1MW+)
Bonerbo Wind Turbines (resubmission),Wind,Operational,353841,707688,Operational,Large (1MW+)
Nutberry Wind Farm,Wind,Operational,279021,635662,Operational,Large (1MW+)
Calder Water Community Wind Farm,Wind,Operational,260869,640428,Operational,Large (1MW+)
Millour Hill Community Windfarm (Re-submission),Wind,Operational,225843,652080,Operational,Large (1MW+)
"Hillhead of Auquhirie, Resubmission",Wind,Operational,328500,785500,Operational,Large (1MW+)
Middleton Wind Farm,Wind,Operational,253158,656019,Operational,Large (1MW+)
Land South East Of Auchterhead,Wind,Application Submitted,287876,654682,In development,Large (1MW+)
Netherton of Windyhills,Wind,Operational,348948,857294,Operational,Large (1MW+)
Monan Hill Wind Turbines,Wind,Operational,114171,904933,Operational,Large (1MW+)
St Johns Wells Wind Cluster Extension,Wind,Operational,379960,836480,Operational,Large (1MW+)
Greenhill Croft,Wind,Operational,388080,856083,Operational,Large (1MW+)
Castle of Auchry Farm,Wind,Operational,373109,821437,Operational,Large (1MW+)
Yonderton Farm,Wind,Operational,403588,837834,Operational,Large (1MW+)
Auchinderran Wind Farm,Wind,Operational,361419,854774,Operational,Large (1MW+)
Craig Wind Farm,Wind,Operational,331995,586055,Operational,Large (1MW+)
Braes O'Doune,Wind,Operational,272590,710500,Operational,Large (1MW+)
Carcant Windfarm,Wind,Operational,336250,652850,Operational,Large (1MW+)
New Holland,Wind,Operational,350053,1003214,Operational,Large (1MW+)
Lochluichart,Wind,Operational,232030,866235,Operational,Large (1MW+)
Blantyre Muir Wind Farm extension,Wind,Operational,268888,651781,Operational,Large (1MW+)
Ark Hill,Wind,Operational,335700,742600,Operational,Large (1MW+)
Edinbane Wind Farm,Wind,Operational,134353,850769,Operational,Large (1MW+)
Damhead Farm,Wind,Operational,279061,663992,Operational,Large (1MW+)
Jacksbank Wind Farm (Glenbervie),Wind,Operational,376574,783246,Operational,Large (1MW+)
Barlockhart Moor,Wind,Operational,221183,555886,Operational,Large (1MW+)
Burnfoot Hill Extension,Wind,Operational,290393,703943,Operational,Large (1MW+)
Bogenlea Farm,Wind,Operational,382155,852949,Operational,Large (1MW+)
Earlseat,Wind,Operational,332961,698416,Operational,Large (1MW+)
West Browncastle,Wind,Operational,261117,642821,Operational,Large (1MW+)
Harestanes,Wind,Operational,300000,595000,Operational,Large (1MW+)
Kildrummy Windfarm,Wind,Operational,357655,815170,Operational,Large (1MW+)
Meikle Carewe (Re-Submission),Wind,Operational,383200,792000,Operational,Large (1MW+)
Barns of Ayre Wind Turbines (2),Wind,Operational,358890,1004047,Operational,Large (1MW+)
Phase 1 Bettyhill Wind Farm,Wind,Operational,272326,962920,Operational,Large (1MW+)
Tullo Wind Farm North Extension (Shiels Wind Farm),Wind,Operational,375080,772580,Operational,Large (1MW+)
Torrance Farm,Wind,Operational,290842,665671,Operational,Large (1MW+)
Blantyre Muir Wind Farm,Wind,Operational,268888,651781,Operational,Large (1MW+)
Little Byth,Wind,Operational,382764,857480,Operational,Large (1MW+)
Calliachar,Wind,Operational,285000,750000,Operational,Large (1MW+)
Land at Overside and Greenwellheads Farms,Wind,Operational,406123,854692,Operational,Large (1MW+)
Bu Farm,Wind,Operational,362283,1023560,Operational,Large (1MW+)
Bowbeat Wind Farm,Wind,Operational,329600,647500,Operational,Large (1MW+)
Crystal Rig Extension II,Wind,Operational,366000,669000,Operational,Large (1MW+)
West Knock Wind Cluster,Wind,Operational,398494,844840,Operational,Large (1MW+)
Hill of Easterton Extension,Wind,Operational,376449,831808,Operational,Large (1MW+)
GlaxoSmithKline Wind Project,Wind,Operational,234144,636959,Operational,Large (1MW+)
Myreton Crossroads,Wind,Operational,349741,856864,Operational,Large (1MW+)
Dun Law,Wind,Operational,347069,657344,Operational,Large (1MW+)
Dun Law Extension,Wind,Operational,347276,655153,Operational,Large (1MW+)
Cathkin Braes Wind Farm (Castlemilk),Wind,Operational,261220,658203,Operational,Large (1MW+)
Rothes Wind Farm (Extension) (II),Wind,Operational,318500,850500,Operational,Large (1MW+)
St John Hill,Wind,Operational,383502,778054,Operational,Large (1MW+)
Beinn an Tuirc,Wind,Operational,173950,636900,Operational,Large (1MW+)
Gordonstown Hill Wind Farm,Wind,Operational,371136,841396,Operational,Large (1MW+)
Westfield,Wind,Operational,319640,695487,Operational,Large (1MW+)
Wathegar wind farm,Wind,Operational,328540,950761,Operational,Large (1MW+)
Brockholes Wind Cluster,Wind,Operational,382080,663751,Operational,Large (1MW+)
Pentland Road Wind Farm,Wind,Operational,135500,938700,Operational,Large (1MW+)
Glenurquhart and Strathglass Wind Farm project,Wind,Operational,234250,824290,Operational,Large (1MW+)
Baillie Wind Farm,Wind,Operational,302550,965650,Operational,Large (1MW+)
Bankend Rig,Wind,Operational,265553,633692,Operational,Large (1MW+)
Whitelee Windfarm Extension Phase 1,Wind,Operational,256300,645000,Operational,Large (1MW+)
Whitelee Windfarm Extension phase 2,Wind,Operational,254220,640867,Operational,Large (1MW+)
The Rosti Factory,Wind,Operational,276956,649658,Operational,Large (1MW+)
Gallowhill,Wind,Operational,344124,1043753,Operational,Large (1MW+)
St Fergus Moss Wind Farm,Wind,Operational,405416,853549,Operational,Large (1MW+)
Rosehall Hill Forest Windfarm,Wind,Operational,249550,903550,Operational,Large (1MW+)
Clochnahill Wind Farm,Wind,Operational,382413,782503,Operational,Large (1MW+)
Allt Dearg Wind Farmers LLP,Wind,Operational,182893,676616,Operational,Large (1MW+)
Spurness Wind Farm Repowering,Wind,Operational,360531,1033828,Operational,Large (1MW+)
Methlick Farmers Wind Energy Project,Wind,Operational,385500,837500,Operational,Large (1MW+)
Gordonbush,Wind,Operational,284500,909500,Operational,Large (1MW+)
"F M C Land, Pitreavie Business Park",Wind,Operational,310145,685510,Operational,Large (1MW+)
Lairg Wind Farm,Wind,Operational,261293,903916,Operational,Large (1MW+)
Muirake,Wind,Operational,356817,858161,Operational,Large (1MW+)
Glenkerie Wind Farm,Wind,Operational,310453,628117,Operational,Large (1MW+)
Griffin Wind farm,Wind,Operational,293600,744600,Operational,Large (1MW+)
Flotta,Wind,Operational,336770,995385,Operational,Large (1MW+)
Ben Aketil Extension,Wind,Operational,132500,846500,Operational,Large (1MW+)
Tangy Wind Farm Extension/Tangy 2,Wind,Operational,177000,626200,Operational,Large (1MW+)
Tangy Wind Farm/Tangy 1,Wind,Operational,168500,628500,Operational,Large (1MW+)
FMC Technologies,Wind,Operational,310010,685787,Operational,Large (1MW+)
Black Law,Wind,Operational,289500,653500,Operational,Large (1MW+)
Arecleoch Windfarm,Wind,Operational,221500,578500,Operational,Large (1MW+)
Kilbraur Windfarm Farlary - Extension,Wind,Operational,283124,902064,Operational,Large (1MW+)
Upper Ardgrain Wind Farm,Wind,Operational,396508,835110,Operational,Large (1MW+)
Denhill,Wind,Operational,379611,835693,Operational,Large (1MW+)
Haddo,Wind,Operational,381628,837639,Operational,Large (1MW+)
Gairnieston Farm,Wind,Operational,374750,856031,Operational,Large (1MW+)
Mark Hill,Wind,Operational,225000,585000,Operational,Large (1MW+)
Muirhall,Wind,Operational,300605,653760,Operational,Large (1MW+)
Achany Wind Farm,Wind,Operational,252350,904150,Operational,Large (1MW+)
"West Hill, Flotta",Wind,Operational,335252,993820,Operational,Large (1MW+)
Lochelbank Wind Farm II,Wind,Operational,311440,713477,Operational,Large (1MW+)
Millennium Extension II,Wind,Operational,225679,810840,Operational,Large (1MW+)
"Bendealt Wind Farm, Highland",Wind,Operational,255500,871000,Operational,Large (1MW+)
Hagshaw Hill Wind Farm,Wind,Operational,278980,630740,Operational,Large (1MW+)
"Hagshaw Hill (S15) Wind Farm, Lanarkshire",Wind,Operational,278965,630750,Operational,Large (1MW+)
Beinn Tharsuinn Windfarm Project,Wind,Operational,261700,881900,Operational,Large (1MW+)
Roughside Hill,Wind,Operational,333000,646200,Operational,Large (1MW+)
Burnfoot Hill,Wind,Operational,290135,703250,Operational,Large (1MW+)
Hammar's Hill,Wind,Operational,338644,1023698,Operational,Large (1MW+)
Crystal Rig Wind Farm Phase 2a,Wind,Operational,367000,667500,Operational,Large (1MW+)
Toddleburn,Wind,Operational,345050,653150,Operational,Large (1MW+)
Cairnmore Farm,Wind,Operational,351086,825261,Operational,Large (1MW+)
Boyndie Airfield Extension,Wind,Operational,361206,863606,Operational,Large (1MW+)
Strath of Brydock - Extension,Wind,Operational,365391,859727,Operational,Large (1MW+)
Craigengelt,Wind,Operational,272451,686495,Operational,Large (1MW+)
Achairn,Wind,Operational,329950,950650,Operational,Large (1MW+)
Hill of Lybster,Wind,Operational,302000,969500,Operational,Large (1MW+)
Hill of Balquhindachy extension,Wind,Operational,385642,842482,Operational,Large (1MW+)
"Burgar Hill (land Near), Evie",Wind,Operational,334300,1026200,Operational,Large (1MW+)
Longpark,Wind,Operational,348050,642050,Operational,Large (1MW+)
Whitelee,Wind,Operational,256800,645435,Operational,Large (1MW+)
Crystal Rig Phase 1,Wind,Operational,368350,665650,Operational,Large (1MW+)
Pates Hill,Wind,Operational,299130,659300,Operational,Large (1MW+)
Rothiesholm,Wind,Operational,362283,1023560,Operational,Large (1MW+)
Arnish Moor,Wind,Operational,139155,929460,Operational,Large (1MW+)
Meall an Tuirc Wind Farm,Wind,Operational,255500,871500,Operational,Large (1MW+)
Bilbster Wind Farm,Wind,Operational,327150,951850,Operational,Large (1MW+)
Greendykeside,Wind,Operational,281134,670403,Operational,Large (1MW+)
Thorfinn Wind Farm - NM1500,Wind,Operational,334600,1025700,Operational,Large (1MW+)
Burgar Hill,Wind,Operational,334300,1026200,Operational,Large (1MW+)
Thorfinn Wind Farm - NM2000,Wind,Operational,334790,1025240,Operational,Large (1MW+)
Burradale Hill,Wind,Operational,442500,1142500,Operational,Large (1MW+)
Hill of Easterton,Wind,Operational,376449,831808,Operational,Large (1MW+)
Hagshaw Hill Wind Farm Extension,Wind,Operational,279000,632000,Operational,Large (1MW+)
Hadyard Hill,Wind,Operational,226478,599253,Operational,Large (1MW+)
Lochhead Farm,Wind,Operational,275500,646500,Operational,Large (1MW+)
Beinn Ghlas Wind Farm,Wind,Operational,196500,726000,Operational,Large (1MW+)
Cruach Mhor,Wind,Operational,203500,687400,Operational,Large (1MW+)
Myres Hill,Wind,Operational,256840,646620,Operational,Large (1MW+)
Lerwick,Fossil Fuel,Operational,446456,1142790,Operational,Large (1MW+)
Peterhead,Fossil Fuel,Operational,412790,843093,Operational,Large (1MW+)
Arnish,Fossil Fuel,Operational,142229,930499,Operational,Large (1MW+)
Barra,Fossil Fuel,Operational,71706,803309,Operational,Large (1MW+)
Bowmore,Fossil Fuel,Operational,132024,660214,Operational,Large (1MW+)
Kirkwall,Fossil Fuel,Operational,344667,1010985,Operational,Large (1MW+)
Loch Carnan,Fossil Fuel,Operational,83233,842636,Operational,Large (1MW+)
Stornoway,Fossil Fuel,Operational,143150,932158,Operational,Large (1MW+)
Tiree,Fossil Fuel,Operational,100030,744120,Operational,Large (1MW+)
Auchtertyre,Hydro,Operational,235422,729327,Operational,Small to medium (>=45kW and <1MW)
Garry Gualach,Hydro,Operational,216600,799800,Operational,Small to medium (>=45kW and <1MW)
Glen Tarbert,Hydro,Operational,186600,760500,Operational,Small to medium (>=45kW and <1MW)
Inverbain,Hydro,Operational,178095.5186,856066.1849,Operational,Small to medium (>=45kW and <1MW)
Stanley Mill,Hydro,Operational,311430,732835,Operational,Small to medium (>=45kW and <1MW)
Awe Barrage - A,Hydro,Operational,202987,729485,Operational,Small to medium (>=45kW and <1MW)
Beannachran Dam - A,Hydro,Operational,233926.1258,831784.3843,Operational,Small to medium (>=45kW and <1MW)
Cladach Dam,Hydro,Operational,219715,595201,Operational,Small to medium (>=45kW and <1MW)
Cluanie Dam  - A,Hydro,Operational,218164.204,809842.5173,Operational,Small to medium (>=45kW and <1MW)
Clunie Dam - A,Hydro,Operational,293345.8959,757790.003,Operational,Small to medium (>=45kW and <1MW)
"Duchally Power Station - A,C,E",Hydro,Operational,238694.1282,916750.919,Operational,Small to medium (>=45kW and <1MW)
Dundreggan Dam A,Hydro,Operational,231413.0826,813651.7016,Operational,Small to medium (>=45kW and <1MW)
Gisla Power Station - A,Hydro,Operational,113291.0388,926162.8848,Operational,Small to medium (>=45kW and <1MW)
"Invergarry Dam - A, E",Hydro,Operational,238862.9652,809324.0093,Operational,Small to medium (>=45kW and <1MW)
"Kilmelford Compset  A,C",Hydro,Operational,183921.6869,712587.0064,Operational,Small to medium (>=45kW and <1MW)
Lochay Fish Pass Generator  -  C,Hydro,Operational,256968.2024,734182.0673,Operational,Small to medium (>=45kW and <1MW)
"Loyne Power Station - A,C",Hydro,Operational,228554.8898,813307.0187,Operational,Small to medium (>=45kW and <1MW)
Luichart Dam - A,Hydro,Operational,232652.8391,862232.7486,Operational,Small to medium (>=45kW and <1MW)
Meig Dam,Hydro,Operational,237124.6647,855942.3608,Operational,Small to medium (>=45kW and <1MW)
Misgeach Power Station - A,Hydro,Operational,229571.0183,838608.3761,Operational,Small to medium (>=45kW and <1MW)
"Morar Power Station - A,C",Hydro,Operational,168582.0259,792663.6294,Operational,Small to medium (>=45kW and <1MW)
Orrin Dam - A,Hydro,Operational,245505.3941,856091.6158,Operational,Small to medium (>=45kW and <1MW)
Pitlochry Compensation Generation - A,Hydro,Operational,293500.038,757752.0142,Operational,Small to medium (>=45kW and <1MW)
Quoich Dam - A,Hydro,Operational,216881.8432,800852.8905,Operational,Small to medium (>=45kW and <1MW)
Shin Diversion Dam - A,Hydro,Operational,257261.3273,897258.4795,Operational,Small to medium (>=45kW and <1MW)
Stronuich Power Station - A,Hydro,Operational,250616.8964,742103.8882,Operational,Small to medium (>=45kW and <1MW)
"Tobermory Power Station - A,E",Hydro,Operational,148722.4198,755603.4027,Operational,Small to medium (>=45kW and <1MW)
Tralaig Power Station,Hydro,Operational,183921.6869,712587.0064,Operational,Small to medium (>=45kW and <1MW)
Trinafour Power Station - A,Hydro,Operational,270988.1369,765725.1915,Operational,Small to medium (>=45kW and <1MW)
Vaich Power Station,Hydro,Operational,234419.6788,875106.5866,Operational,Small to medium (>=45kW and <1MW)
Upper Falloch,Hydro,Operational,236978,723752,Operational,Small to medium (>=45kW and <1MW)
Edinburgh College,Photovoltaic,Operational,332566,665887,Operational,Small to medium (>=45kW and <1MW)
East Kilbride,Wind,Operational,264500,652000,Operational,Small to medium (>=45kW and <1MW)
Breadalbane Community Campus,Biomass,Operating,285347,748799,Operational,Large (1MW+)
Queen Margaret University College,Biomass,Operating,333055,671433,Operational,Large (1MW+)
Shetland Heat And Power Ltd (Sheap) Aka Lerwick District Heating Scheme,Energy From Waste,Operating,446402,1142976,Operational,Large (1MW+)
Mawmill Farm Gshp,Ground Source Heat Pump,Under construction,308528,698829,In development,Large (1MW+)
East Lothian Eggs Gshp Shed,Ground Source Heat Pump,"Consented, not built",350111,667523,In development,Large (1MW+)
Craignathro Farm Gshp,Ground Source Heat Pump,"Consented, not built",346134,748908,In development,Large (1MW+)
Queens Quay District Heating Scheme,Water Source Heat Pump,Operating,249749,669542,Operational,Large (1MW+)
Glenmhoresco,Water Source Heat Pump,Operating,266529,844694,Operational,Large (1MW+)
Ormsary Fish Farm Wshp,Water Source Heat Pump,"Consented, not built",173493,671834,In development,Large (1MW+)
Hunterston B,Nuclear,Operational,218252,651517,Operational,Large (1MW+)
Torness,Nuclear,Operational,374500,675100,Operational,Large (1MW+)
